[
{
    "model": "admin.logentry",
    "pk": 1,
    "fields": {
        "action_time": "2024-11-29T22:36:30.236Z",
        "user": 1,
        "content_type": 7,
        "object_id": "1",
        "object_repr": "Products object (1)",
        "action_flag": 1,
        "change_message": "[{\"added\": {}}]"
    }
},
{
    "model": "admin.logentry",
    "pk": 2,
    "fields": {
        "action_time": "2024-11-29T22:36:54.204Z",
        "user": 1,
        "content_type": 7,
        "object_id": "2",
        "object_repr": "Products object (2)",
        "action_flag": 1,
        "change_message": "[{\"added\": {}}]"
    }
},
{
    "model": "admin.logentry",
    "pk": 3,
    "fields": {
        "action_time": "2024-12-01T22:20:29.987Z",
        "user": 1,
        "content_type": 7,
        "object_id": "2",
        "object_repr": "Tênis",
        "action_flag": 2,
        "change_message": "[{\"changed\": {\"fields\": [\"Image\"]}}]"
    }
},
{
    "model": "admin.logentry",
    "pk": 4,
    "fields": {
        "action_time": "2024-12-01T22:30:21.028Z",
        "user": 1,
        "content_type": 7,
        "object_id": "2",
        "object_repr": "Tênis",
        "action_flag": 2,
        "change_message": "[]"
    }
},
{
    "model": "admin.logentry",
    "pk": 5,
    "fields": {
        "action_time": "2024-12-01T22:31:54.090Z",
        "user": 1,
        "content_type": 7,
        "object_id": "1",
        "object_repr": "Camiseta",
        "action_flag": 2,
        "change_message": "[{\"changed\": {\"fields\": [\"Image\"]}}]"
    }
},
{
    "model": "admin.logentry",
    "pk": 6,
    "fields": {
        "action_time": "2024-12-01T22:32:57.030Z",
        "user": 1,
        "content_type": 7,
        "object_id": "1",
        "object_repr": "Camiseta",
        "action_flag": 2,
        "change_message": "[]"
    }
},
{
    "model": "admin.logentry",
    "pk": 7,
    "fields": {
        "action_time": "2024-12-03T15:51:58.014Z",
        "user": 1,
        "content_type": 7,
        "object_id": "3",
        "object_repr": "Jaqueta Especial",
        "action_flag": 1,
        "change_message": "[{\"added\": {}}]"
    }
},
{
    "model": "admin.logentry",
    "pk": 8,
    "fields": {
        "action_time": "2024-12-03T22:57:23.044Z",
        "user": 1,
        "content_type": 7,
        "object_id": "1",
        "object_repr": "Camiseta",
        "action_flag": 2,
        "change_message": "[{\"changed\": {\"fields\": [\"Slug\"]}}]"
    }
},
{
    "model": "admin.logentry",
    "pk": 9,
    "fields": {
        "action_time": "2024-12-03T23:24:27.726Z",
        "user": 1,
        "content_type": 7,
        "object_id": "2",
        "object_repr": "Tênis",
        "action_flag": 2,
        "change_message": "[{\"changed\": {\"fields\": [\"Slug\"]}}]"
    }
},
{
    "model": "admin.logentry",
    "pk": 10,
    "fields": {
        "action_time": "2024-12-03T23:28:55.552Z",
        "user": 1,
        "content_type": 7,
        "object_id": "2",
        "object_repr": "Tênis",
        "action_flag": 2,
        "change_message": "[{\"changed\": {\"fields\": [\"Slug\"]}}]"
    }
},
{
    "model": "admin.logentry",
    "pk": 11,
    "fields": {
        "action_time": "2024-12-03T23:29:03.718Z",
        "user": 1,
        "content_type": 7,
        "object_id": "3",
        "object_repr": "Jaqueta Especial",
        "action_flag": 2,
        "change_message": "[{\"changed\": {\"fields\": [\"Slug\"]}}]"
    }
},
{
    "model": "admin.logentry",
    "pk": 12,
    "fields": {
        "action_time": "2024-12-03T23:55:33.468Z",
        "user": 1,
        "content_type": 7,
        "object_id": "4",
        "object_repr": "Camiseta",
        "action_flag": 1,
        "change_message": "[{\"added\": {}}]"
    }
},
{
    "model": "admin.logentry",
    "pk": 13,
    "fields": {
        "action_time": "2024-12-04T18:56:27.608Z",
        "user": 1,
        "content_type": 7,
        "object_id": "4",
        "object_repr": "Camiseta",
        "action_flag": 2,
        "change_message": "[]"
    }
},
{
    "model": "admin.logentry",
    "pk": 14,
    "fields": {
        "action_time": "2024-12-04T18:58:13.018Z",
        "user": 1,
        "content_type": 7,
        "object_id": "5",
        "object_repr": "Calção",
        "action_flag": 1,
        "change_message": "[{\"added\": {}}]"
    }
},
{
    "model": "admin.logentry",
    "pk": 15,
    "fields": {
        "action_time": "2024-12-04T18:59:03.264Z",
        "user": 1,
        "content_type": 7,
        "object_id": "6",
        "object_repr": "Calção",
        "action_flag": 1,
        "change_message": "[{\"added\": {}}]"
    }
},
{
    "model": "admin.logentry",
    "pk": 16,
    "fields": {
        "action_time": "2024-12-11T00:17:52.651Z",
        "user": 1,
        "content_type": 7,
        "object_id": "7",
        "object_repr": "Lorem ipsum",
        "action_flag": 1,
        "change_message": "[{\"added\": {}}]"
    }
},
{
    "model": "admin.logentry",
    "pk": 17,
    "fields": {
        "action_time": "2024-12-11T00:19:54.458Z",
        "user": 1,
        "content_type": 7,
        "object_id": "7",
        "object_repr": "Lorem ipsum",
        "action_flag": 2,
        "change_message": "[{\"changed\": {\"fields\": [\"Image\"]}}]"
    }
},
{
    "model": "admin.logentry",
    "pk": 18,
    "fields": {
        "action_time": "2024-12-20T23:37:33.958Z",
        "user": 1,
        "content_type": 8,
        "object_id": "1",
        "object_repr": "Tenis",
        "action_flag": 1,
        "change_message": "[{\"added\": {}}]"
    }
},
{
    "model": "admin.logentry",
    "pk": 19,
    "fields": {
        "action_time": "2024-12-20T23:40:50.491Z",
        "user": 1,
        "content_type": 8,
        "object_id": "1",
        "object_repr": "Tenis",
        "action_flag": 2,
        "change_message": "[{\"changed\": {\"fields\": [\"Products\"]}}]"
    }
},
{
    "model": "admin.logentry",
    "pk": 20,
    "fields": {
        "action_time": "2024-12-20T23:42:14.663Z",
        "user": 1,
        "content_type": 8,
        "object_id": "2",
        "object_repr": "Camisa",
        "action_flag": 1,
        "change_message": "[{\"added\": {}}]"
    }
},
{
    "model": "admin.logentry",
    "pk": 21,
    "fields": {
        "action_time": "2024-12-20T23:44:24.427Z",
        "user": 1,
        "content_type": 8,
        "object_id": "3",
        "object_repr": "Blusa",
        "action_flag": 1,
        "change_message": "[{\"added\": {}}]"
    }
},
{
    "model": "admin.logentry",
    "pk": 22,
    "fields": {
        "action_time": "2024-12-20T23:45:23.114Z",
        "user": 1,
        "content_type": 8,
        "object_id": "4",
        "object_repr": "Branco",
        "action_flag": 1,
        "change_message": "[{\"added\": {}}]"
    }
},
{
    "model": "admin.logentry",
    "pk": 23,
    "fields": {
        "action_time": "2024-12-20T23:45:57.662Z",
        "user": 1,
        "content_type": 8,
        "object_id": "5",
        "object_repr": "Azul",
        "action_flag": 1,
        "change_message": "[{\"added\": {}}]"
    }
},
{
    "model": "admin.logentry",
    "pk": 24,
    "fields": {
        "action_time": "2024-12-24T00:08:07.714Z",
        "user": 1,
        "content_type": 4,
        "object_id": "1",
        "object_repr": "admin",
        "action_flag": 2,
        "change_message": "[{\"changed\": {\"fields\": [\"First name\", \"Last name\"]}}]"
    }
},
{
    "model": "admin.logentry",
    "pk": 25,
    "fields": {
        "action_time": "2024-12-24T00:08:25.248Z",
        "user": 1,
        "content_type": 4,
        "object_id": "2",
        "object_repr": "rachel",
        "action_flag": 2,
        "change_message": "[{\"changed\": {\"fields\": [\"First name\", \"Last name\"]}}]"
    }
},
{
    "model": "admin.logentry",
    "pk": 26,
    "fields": {
        "action_time": "2024-12-26T20:10:19.350Z",
        "user": 1,
        "content_type": 9,
        "object_id": "2",
        "object_repr": "2",
        "action_flag": 2,
        "change_message": "[{\"changed\": {\"fields\": [\"Products\"]}}]"
    }
},
{
    "model": "admin.logentry",
    "pk": 27,
    "fields": {
        "action_time": "2024-12-26T20:10:56.357Z",
        "user": 1,
        "content_type": 9,
        "object_id": "2",
        "object_repr": "2",
        "action_flag": 2,
        "change_message": "[{\"changed\": {\"fields\": [\"Products\"]}}]"
    }
},
{
    "model": "admin.logentry",
    "pk": 28,
    "fields": {
        "action_time": "2024-12-26T20:11:01.534Z",
        "user": 1,
        "content_type": 9,
        "object_id": "2",
        "object_repr": "2",
        "action_flag": 2,
        "change_message": "[]"
    }
},
{
    "model": "admin.logentry",
    "pk": 29,
    "fields": {
        "action_time": "2024-12-26T20:11:29.294Z",
        "user": 1,
        "content_type": 9,
        "object_id": "1",
        "object_repr": "1",
        "action_flag": 2,
        "change_message": "[{\"changed\": {\"fields\": [\"Products\"]}}]"
    }
},
{
    "model": "admin.logentry",
    "pk": 30,
    "fields": {
        "action_time": "2024-12-26T20:12:53.008Z",
        "user": 1,
        "content_type": 9,
        "object_id": "2",
        "object_repr": "2",
        "action_flag": 2,
        "change_message": "[]"
    }
},
{
    "model": "admin.logentry",
    "pk": 31,
    "fields": {
        "action_time": "2024-12-26T20:13:22.851Z",
        "user": 1,
        "content_type": 9,
        "object_id": "4",
        "object_repr": "4",
        "action_flag": 2,
        "change_message": "[{\"changed\": {\"fields\": [\"Products\"]}}]"
    }
},
{
    "model": "admin.logentry",
    "pk": 32,
    "fields": {
        "action_time": "2024-12-26T20:53:05.666Z",
        "user": 1,
        "content_type": 9,
        "object_id": "10",
        "object_repr": "10",
        "action_flag": 2,
        "change_message": "[{\"changed\": {\"fields\": [\"Products\"]}}]"
    }
},
{
    "model": "admin.logentry",
    "pk": 33,
    "fields": {
        "action_time": "2024-12-26T20:54:37.076Z",
        "user": 1,
        "content_type": 9,
        "object_id": "12",
        "object_repr": "12",
        "action_flag": 2,
        "change_message": "[{\"changed\": {\"fields\": [\"Products\"]}}]"
    }
},
{
    "model": "admin.logentry",
    "pk": 34,
    "fields": {
        "action_time": "2024-12-26T20:58:00.112Z",
        "user": 1,
        "content_type": 9,
        "object_id": "13",
        "object_repr": "13",
        "action_flag": 2,
        "change_message": "[{\"changed\": {\"fields\": [\"Products\"]}}]"
    }
},
{
    "model": "admin.logentry",
    "pk": 35,
    "fields": {
        "action_time": "2024-12-26T21:02:30.214Z",
        "user": 1,
        "content_type": 9,
        "object_id": "14",
        "object_repr": "14",
        "action_flag": 2,
        "change_message": "[{\"changed\": {\"fields\": [\"Products\"]}}]"
    }
},
{
    "model": "admin.logentry",
    "pk": 36,
    "fields": {
        "action_time": "2024-12-26T21:03:56.741Z",
        "user": 1,
        "content_type": 9,
        "object_id": "14",
        "object_repr": "14",
        "action_flag": 2,
        "change_message": "[{\"changed\": {\"fields\": [\"Products\"]}}]"
    }
},
{
    "model": "admin.logentry",
    "pk": 37,
    "fields": {
        "action_time": "2024-12-26T21:57:53.814Z",
        "user": 1,
        "content_type": 9,
        "object_id": "14",
        "object_repr": "14",
        "action_flag": 2,
        "change_message": "[{\"changed\": {\"fields\": [\"Products\"]}}]"
    }
},
{
    "model": "admin.logentry",
    "pk": 38,
    "fields": {
        "action_time": "2024-12-26T21:59:33.505Z",
        "user": 1,
        "content_type": 9,
        "object_id": "14",
        "object_repr": "14",
        "action_flag": 2,
        "change_message": "[{\"changed\": {\"fields\": [\"Products\"]}}]"
    }
},
{
    "model": "admin.logentry",
    "pk": 39,
    "fields": {
        "action_time": "2024-12-29T17:44:54.501Z",
        "user": 1,
        "content_type": 9,
        "object_id": "1",
        "object_repr": "1",
        "action_flag": 3,
        "change_message": ""
    }
},
{
    "model": "admin.logentry",
    "pk": 40,
    "fields": {
        "action_time": "2024-12-29T17:45:01.818Z",
        "user": 1,
        "content_type": 9,
        "object_id": "2",
        "object_repr": "2",
        "action_flag": 3,
        "change_message": ""
    }
},
{
    "model": "admin.logentry",
    "pk": 41,
    "fields": {
        "action_time": "2024-12-29T17:45:07.309Z",
        "user": 1,
        "content_type": 9,
        "object_id": "3",
        "object_repr": "3",
        "action_flag": 3,
        "change_message": ""
    }
},
{
    "model": "admin.logentry",
    "pk": 42,
    "fields": {
        "action_time": "2024-12-29T17:45:17.302Z",
        "user": 1,
        "content_type": 9,
        "object_id": "4",
        "object_repr": "4",
        "action_flag": 3,
        "change_message": ""
    }
},
{
    "model": "admin.logentry",
    "pk": 43,
    "fields": {
        "action_time": "2024-12-29T17:45:27.169Z",
        "user": 1,
        "content_type": 9,
        "object_id": "5",
        "object_repr": "5",
        "action_flag": 3,
        "change_message": ""
    }
},
{
    "model": "admin.logentry",
    "pk": 44,
    "fields": {
        "action_time": "2024-12-29T17:45:32.434Z",
        "user": 1,
        "content_type": 9,
        "object_id": "6",
        "object_repr": "6",
        "action_flag": 3,
        "change_message": ""
    }
},
{
    "model": "admin.logentry",
    "pk": 45,
    "fields": {
        "action_time": "2024-12-29T17:45:36.880Z",
        "user": 1,
        "content_type": 9,
        "object_id": "7",
        "object_repr": "7",
        "action_flag": 3,
        "change_message": ""
    }
},
{
    "model": "admin.logentry",
    "pk": 46,
    "fields": {
        "action_time": "2024-12-29T17:45:41.244Z",
        "user": 1,
        "content_type": 9,
        "object_id": "8",
        "object_repr": "8",
        "action_flag": 3,
        "change_message": ""
    }
},
{
    "model": "admin.logentry",
    "pk": 47,
    "fields": {
        "action_time": "2024-12-29T17:45:46.148Z",
        "user": 1,
        "content_type": 9,
        "object_id": "9",
        "object_repr": "9",
        "action_flag": 3,
        "change_message": ""
    }
},
{
    "model": "admin.logentry",
    "pk": 48,
    "fields": {
        "action_time": "2024-12-29T17:45:50.890Z",
        "user": 1,
        "content_type": 9,
        "object_id": "10",
        "object_repr": "10",
        "action_flag": 3,
        "change_message": ""
    }
},
{
    "model": "admin.logentry",
    "pk": 49,
    "fields": {
        "action_time": "2024-12-29T17:45:54.925Z",
        "user": 1,
        "content_type": 9,
        "object_id": "11",
        "object_repr": "11",
        "action_flag": 3,
        "change_message": ""
    }
},
{
    "model": "admin.logentry",
    "pk": 50,
    "fields": {
        "action_time": "2024-12-29T17:45:59.355Z",
        "user": 1,
        "content_type": 9,
        "object_id": "12",
        "object_repr": "12",
        "action_flag": 3,
        "change_message": ""
    }
},
{
    "model": "admin.logentry",
    "pk": 51,
    "fields": {
        "action_time": "2024-12-29T17:46:03.016Z",
        "user": 1,
        "content_type": 9,
        "object_id": "13",
        "object_repr": "13",
        "action_flag": 3,
        "change_message": ""
    }
},
{
    "model": "admin.logentry",
    "pk": 52,
    "fields": {
        "action_time": "2024-12-29T17:46:08.488Z",
        "user": 1,
        "content_type": 9,
        "object_id": "14",
        "object_repr": "14",
        "action_flag": 3,
        "change_message": ""
    }
},
{
    "model": "admin.logentry",
    "pk": 53,
    "fields": {
        "action_time": "2024-12-29T17:46:12.070Z",
        "user": 1,
        "content_type": 9,
        "object_id": "15",
        "object_repr": "15",
        "action_flag": 3,
        "change_message": ""
    }
},
{
    "model": "admin.logentry",
    "pk": 54,
    "fields": {
        "action_time": "2024-12-30T19:56:35.776Z",
        "user": 1,
        "content_type": 10,
        "object_id": "1",
        "object_repr": "a7t09v5ntn",
        "action_flag": 1,
        "change_message": "[{\"added\": {}}]"
    }
},
{
    "model": "admin.logentry",
    "pk": 55,
    "fields": {
        "action_time": "2025-01-02T23:22:34.482Z",
        "user": 1,
        "content_type": 10,
        "object_id": "1",
        "object_repr": "a7t09v5ntn",
        "action_flag": 3,
        "change_message": ""
    }
},
{
    "model": "admin.logentry",
    "pk": 56,
    "fields": {
        "action_time": "2025-01-02T23:28:25.873Z",
        "user": 1,
        "content_type": 10,
        "object_id": "2",
        "object_repr": "poxybyul0s",
        "action_flag": 1,
        "change_message": "[{\"added\": {}}]"
    }
},
{
    "model": "admin.logentry",
    "pk": 57,
    "fields": {
        "action_time": "2025-01-02T23:34:21.199Z",
        "user": 1,
        "content_type": 9,
        "object_id": "17",
        "object_repr": "17",
        "action_flag": 2,
        "change_message": "[{\"changed\": {\"fields\": [\"User\", \"Products\"]}}]"
    }
},
{
    "model": "admin.logentry",
    "pk": 58,
    "fields": {
        "action_time": "2025-01-11T21:06:47.831Z",
        "user": 1,
        "content_type": 10,
        "object_id": "19",
        "object_repr": "9zqgbqiong",
        "action_flag": 3,
        "change_message": ""
    }
},
{
    "model": "admin.logentry",
    "pk": 59,
    "fields": {
        "action_time": "2025-01-11T21:06:47.831Z",
        "user": 1,
        "content_type": 10,
        "object_id": "18",
        "object_repr": "1l7dgrb7ct",
        "action_flag": 3,
        "change_message": ""
    }
},
{
    "model": "admin.logentry",
    "pk": 60,
    "fields": {
        "action_time": "2025-01-11T21:06:47.831Z",
        "user": 1,
        "content_type": 10,
        "object_id": "17",
        "object_repr": "im04yr4t2y",
        "action_flag": 3,
        "change_message": ""
    }
},
{
    "model": "admin.logentry",
    "pk": 61,
    "fields": {
        "action_time": "2025-01-11T21:06:47.831Z",
        "user": 1,
        "content_type": 10,
        "object_id": "16",
        "object_repr": "firqz94jji",
        "action_flag": 3,
        "change_message": ""
    }
},
{
    "model": "admin.logentry",
    "pk": 62,
    "fields": {
        "action_time": "2025-01-11T21:06:47.831Z",
        "user": 1,
        "content_type": 10,
        "object_id": "15",
        "object_repr": "rl3mbimt8j",
        "action_flag": 3,
        "change_message": ""
    }
},
{
    "model": "admin.logentry",
    "pk": 63,
    "fields": {
        "action_time": "2025-01-11T21:06:47.831Z",
        "user": 1,
        "content_type": 10,
        "object_id": "14",
        "object_repr": "cw4vod66z4",
        "action_flag": 3,
        "change_message": ""
    }
},
{
    "model": "admin.logentry",
    "pk": 64,
    "fields": {
        "action_time": "2025-01-11T21:06:47.831Z",
        "user": 1,
        "content_type": 10,
        "object_id": "13",
        "object_repr": "182z19v9cd",
        "action_flag": 3,
        "change_message": ""
    }
},
{
    "model": "admin.logentry",
    "pk": 65,
    "fields": {
        "action_time": "2025-01-11T21:06:47.831Z",
        "user": 1,
        "content_type": 10,
        "object_id": "12",
        "object_repr": "zengz6nikf",
        "action_flag": 3,
        "change_message": ""
    }
},
{
    "model": "admin.logentry",
    "pk": 66,
    "fields": {
        "action_time": "2025-01-11T21:06:47.831Z",
        "user": 1,
        "content_type": 10,
        "object_id": "11",
        "object_repr": "hcjj1gdyci",
        "action_flag": 3,
        "change_message": ""
    }
},
{
    "model": "admin.logentry",
    "pk": 67,
    "fields": {
        "action_time": "2025-01-11T21:06:47.831Z",
        "user": 1,
        "content_type": 10,
        "object_id": "10",
        "object_repr": "g39q1lbcc5",
        "action_flag": 3,
        "change_message": ""
    }
},
{
    "model": "admin.logentry",
    "pk": 68,
    "fields": {
        "action_time": "2025-01-11T21:06:47.831Z",
        "user": 1,
        "content_type": 10,
        "object_id": "9",
        "object_repr": "xdtgoswsz4",
        "action_flag": 3,
        "change_message": ""
    }
},
{
    "model": "admin.logentry",
    "pk": 69,
    "fields": {
        "action_time": "2025-01-11T21:06:47.831Z",
        "user": 1,
        "content_type": 10,
        "object_id": "8",
        "object_repr": "0cigtjxm5d",
        "action_flag": 3,
        "change_message": ""
    }
},
{
    "model": "admin.logentry",
    "pk": 70,
    "fields": {
        "action_time": "2025-01-11T21:06:47.831Z",
        "user": 1,
        "content_type": 10,
        "object_id": "7",
        "object_repr": "qq09556mtc",
        "action_flag": 3,
        "change_message": ""
    }
},
{
    "model": "admin.logentry",
    "pk": 71,
    "fields": {
        "action_time": "2025-01-11T21:06:47.831Z",
        "user": 1,
        "content_type": 10,
        "object_id": "6",
        "object_repr": "0czhirwhlk",
        "action_flag": 3,
        "change_message": ""
    }
},
{
    "model": "admin.logentry",
    "pk": 72,
    "fields": {
        "action_time": "2025-01-11T21:06:47.831Z",
        "user": 1,
        "content_type": 10,
        "object_id": "5",
        "object_repr": "v6ztum3cum",
        "action_flag": 3,
        "change_message": ""
    }
},
{
    "model": "admin.logentry",
    "pk": 73,
    "fields": {
        "action_time": "2025-01-11T21:06:47.831Z",
        "user": 1,
        "content_type": 10,
        "object_id": "4",
        "object_repr": "5e9l85d0a9",
        "action_flag": 3,
        "change_message": ""
    }
},
{
    "model": "admin.logentry",
    "pk": 74,
    "fields": {
        "action_time": "2025-01-11T21:06:47.831Z",
        "user": 1,
        "content_type": 10,
        "object_id": "3",
        "object_repr": "ico42k3qxf",
        "action_flag": 3,
        "change_message": ""
    }
},
{
    "model": "admin.logentry",
    "pk": 75,
    "fields": {
        "action_time": "2025-01-11T21:06:47.831Z",
        "user": 1,
        "content_type": 10,
        "object_id": "2",
        "object_repr": "poxybyul0s",
        "action_flag": 3,
        "change_message": ""
    }
},
{
    "model": "admin.logentry",
    "pk": 76,
    "fields": {
        "action_time": "2025-01-11T21:07:00.499Z",
        "user": 1,
        "content_type": 9,
        "object_id": "29",
        "object_repr": "29",
        "action_flag": 3,
        "change_message": ""
    }
},
{
    "model": "admin.logentry",
    "pk": 77,
    "fields": {
        "action_time": "2025-01-11T21:07:00.499Z",
        "user": 1,
        "content_type": 9,
        "object_id": "28",
        "object_repr": "28",
        "action_flag": 3,
        "change_message": ""
    }
},
{
    "model": "admin.logentry",
    "pk": 78,
    "fields": {
        "action_time": "2025-01-11T21:07:00.499Z",
        "user": 1,
        "content_type": 9,
        "object_id": "27",
        "object_repr": "27",
        "action_flag": 3,
        "change_message": ""
    }
},
{
    "model": "admin.logentry",
    "pk": 79,
    "fields": {
        "action_time": "2025-01-11T21:07:00.499Z",
        "user": 1,
        "content_type": 9,
        "object_id": "26",
        "object_repr": "26",
        "action_flag": 3,
        "change_message": ""
    }
},
{
    "model": "admin.logentry",
    "pk": 80,
    "fields": {
        "action_time": "2025-01-11T21:07:00.499Z",
        "user": 1,
        "content_type": 9,
        "object_id": "25",
        "object_repr": "25",
        "action_flag": 3,
        "change_message": ""
    }
},
{
    "model": "admin.logentry",
    "pk": 81,
    "fields": {
        "action_time": "2025-01-11T21:07:00.499Z",
        "user": 1,
        "content_type": 9,
        "object_id": "24",
        "object_repr": "24",
        "action_flag": 3,
        "change_message": ""
    }
},
{
    "model": "admin.logentry",
    "pk": 82,
    "fields": {
        "action_time": "2025-01-11T21:07:00.499Z",
        "user": 1,
        "content_type": 9,
        "object_id": "23",
        "object_repr": "23",
        "action_flag": 3,
        "change_message": ""
    }
},
{
    "model": "admin.logentry",
    "pk": 83,
    "fields": {
        "action_time": "2025-01-11T21:07:00.499Z",
        "user": 1,
        "content_type": 9,
        "object_id": "22",
        "object_repr": "22",
        "action_flag": 3,
        "change_message": ""
    }
},
{
    "model": "admin.logentry",
    "pk": 84,
    "fields": {
        "action_time": "2025-01-11T21:07:00.499Z",
        "user": 1,
        "content_type": 9,
        "object_id": "21",
        "object_repr": "21",
        "action_flag": 3,
        "change_message": ""
    }
},
{
    "model": "admin.logentry",
    "pk": 85,
    "fields": {
        "action_time": "2025-01-11T21:07:00.499Z",
        "user": 1,
        "content_type": 9,
        "object_id": "20",
        "object_repr": "20",
        "action_flag": 3,
        "change_message": ""
    }
},
{
    "model": "admin.logentry",
    "pk": 86,
    "fields": {
        "action_time": "2025-01-11T21:07:00.499Z",
        "user": 1,
        "content_type": 9,
        "object_id": "19",
        "object_repr": "19",
        "action_flag": 3,
        "change_message": ""
    }
},
{
    "model": "admin.logentry",
    "pk": 87,
    "fields": {
        "action_time": "2025-01-11T21:07:00.499Z",
        "user": 1,
        "content_type": 9,
        "object_id": "18",
        "object_repr": "18",
        "action_flag": 3,
        "change_message": ""
    }
},
{
    "model": "admin.logentry",
    "pk": 88,
    "fields": {
        "action_time": "2025-01-11T21:07:00.499Z",
        "user": 1,
        "content_type": 9,
        "object_id": "17",
        "object_repr": "17",
        "action_flag": 3,
        "change_message": ""
    }
},
{
    "model": "admin.logentry",
    "pk": 89,
    "fields": {
        "action_time": "2025-01-11T21:07:00.499Z",
        "user": 1,
        "content_type": 9,
        "object_id": "16",
        "object_repr": "16",
        "action_flag": 3,
        "change_message": ""
    }
},
{
    "model": "admin.logentry",
    "pk": 90,
    "fields": {
        "action_time": "2025-01-11T21:07:11.167Z",
        "user": 1,
        "content_type": 11,
        "object_id": "5",
        "object_repr": "rachelmv39@hotmail.com",
        "action_flag": 3,
        "change_message": ""
    }
},
{
    "model": "admin.logentry",
    "pk": 91,
    "fields": {
        "action_time": "2025-01-11T21:07:11.167Z",
        "user": 1,
        "content_type": 11,
        "object_id": "4",
        "object_repr": "fmoraes05@gmail.com",
        "action_flag": 3,
        "change_message": ""
    }
},
{
    "model": "admin.logentry",
    "pk": 92,
    "fields": {
        "action_time": "2025-01-11T21:07:11.167Z",
        "user": 1,
        "content_type": 11,
        "object_id": "3",
        "object_repr": "fmoraes05@outlook.com",
        "action_flag": 3,
        "change_message": ""
    }
},
{
    "model": "admin.logentry",
    "pk": 93,
    "fields": {
        "action_time": "2025-01-11T21:07:11.167Z",
        "user": 1,
        "content_type": 11,
        "object_id": "2",
        "object_repr": "rachelmv39@hotmail.com",
        "action_flag": 3,
        "change_message": ""
    }
},
{
    "model": "admin.logentry",
    "pk": 94,
    "fields": {
        "action_time": "2025-01-11T21:07:11.167Z",
        "user": 1,
        "content_type": 11,
        "object_id": "1",
        "object_repr": "fmoraes05@outlook.com",
        "action_flag": 3,
        "change_message": ""
    }
},
{
    "model": "admin.logentry",
    "pk": 95,
    "fields": {
        "action_time": "2025-01-11T21:07:24.016Z",
        "user": 1,
        "content_type": 12,
        "object_id": "4",
        "object_repr": "rachelmv39@hotmail.com",
        "action_flag": 3,
        "change_message": ""
    }
},
{
    "model": "admin.logentry",
    "pk": 96,
    "fields": {
        "action_time": "2025-01-11T21:07:24.016Z",
        "user": 1,
        "content_type": 12,
        "object_id": "3",
        "object_repr": "fmoraes05@gmail.com",
        "action_flag": 3,
        "change_message": ""
    }
},
{
    "model": "admin.logentry",
    "pk": 97,
    "fields": {
        "action_time": "2025-01-11T21:07:24.016Z",
        "user": 1,
        "content_type": 12,
        "object_id": "2",
        "object_repr": "rachelmv39@hotmail.com",
        "action_flag": 3,
        "change_message": ""
    }
},
{
    "model": "admin.logentry",
    "pk": 98,
    "fields": {
        "action_time": "2025-01-11T21:07:24.016Z",
        "user": 1,
        "content_type": 12,
        "object_id": "1",
        "object_repr": "fmoraes05@outlook.com",
        "action_flag": 3,
        "change_message": ""
    }
},
{
    "model": "admin.logentry",
    "pk": 99,
    "fields": {
        "action_time": "2025-01-14T01:02:58.464Z",
        "user": 1,
        "content_type": 13,
        "object_id": "14",
        "object_repr": "fmoraes05@outlook.com",
        "action_flag": 3,
        "change_message": ""
    }
},
{
    "model": "admin.logentry",
    "pk": 100,
    "fields": {
        "action_time": "2025-01-14T01:02:58.464Z",
        "user": 1,
        "content_type": 13,
        "object_id": "13",
        "object_repr": "fmoraes05@outlook.com",
        "action_flag": 3,
        "change_message": ""
    }
},
{
    "model": "admin.logentry",
    "pk": 101,
    "fields": {
        "action_time": "2025-01-14T01:02:58.464Z",
        "user": 1,
        "content_type": 13,
        "object_id": "12",
        "object_repr": "fmoraes05@outlook.com",
        "action_flag": 3,
        "change_message": ""
    }
},
{
    "model": "admin.logentry",
    "pk": 102,
    "fields": {
        "action_time": "2025-01-14T01:02:58.464Z",
        "user": 1,
        "content_type": 13,
        "object_id": "11",
        "object_repr": "fmoraes05@outlook.com",
        "action_flag": 3,
        "change_message": ""
    }
},
{
    "model": "admin.logentry",
    "pk": 103,
    "fields": {
        "action_time": "2025-01-14T01:02:58.464Z",
        "user": 1,
        "content_type": 13,
        "object_id": "10",
        "object_repr": "fmoraes05@outlook.com",
        "action_flag": 3,
        "change_message": ""
    }
},
{
    "model": "admin.logentry",
    "pk": 104,
    "fields": {
        "action_time": "2025-01-14T01:02:58.464Z",
        "user": 1,
        "content_type": 13,
        "object_id": "9",
        "object_repr": "rachelmv39@hotmail.com",
        "action_flag": 3,
        "change_message": ""
    }
},
{
    "model": "admin.logentry",
    "pk": 105,
    "fields": {
        "action_time": "2025-01-14T01:02:58.464Z",
        "user": 1,
        "content_type": 13,
        "object_id": "8",
        "object_repr": "rachelmv39@hotmail.com",
        "action_flag": 3,
        "change_message": ""
    }
},
{
    "model": "admin.logentry",
    "pk": 106,
    "fields": {
        "action_time": "2025-01-14T01:02:58.464Z",
        "user": 1,
        "content_type": 13,
        "object_id": "7",
        "object_repr": "rachelmv39@hotmail.com",
        "action_flag": 3,
        "change_message": ""
    }
},
{
    "model": "admin.logentry",
    "pk": 107,
    "fields": {
        "action_time": "2025-01-14T01:02:58.464Z",
        "user": 1,
        "content_type": 13,
        "object_id": "6",
        "object_repr": "rachelmv39@hotmail.com",
        "action_flag": 3,
        "change_message": ""
    }
},
{
    "model": "admin.logentry",
    "pk": 108,
    "fields": {
        "action_time": "2025-01-14T01:02:58.464Z",
        "user": 1,
        "content_type": 13,
        "object_id": "5",
        "object_repr": "rachelmv39@hotmail.com",
        "action_flag": 3,
        "change_message": ""
    }
},
{
    "model": "admin.logentry",
    "pk": 109,
    "fields": {
        "action_time": "2025-01-14T01:02:58.464Z",
        "user": 1,
        "content_type": 13,
        "object_id": "4",
        "object_repr": "victormoireira3202@gmail.com",
        "action_flag": 3,
        "change_message": ""
    }
},
{
    "model": "admin.logentry",
    "pk": 110,
    "fields": {
        "action_time": "2025-01-14T01:02:58.464Z",
        "user": 1,
        "content_type": 13,
        "object_id": "3",
        "object_repr": "fmoraes05@outlook.com",
        "action_flag": 3,
        "change_message": ""
    }
},
{
    "model": "admin.logentry",
    "pk": 111,
    "fields": {
        "action_time": "2025-01-14T01:02:58.464Z",
        "user": 1,
        "content_type": 13,
        "object_id": "2",
        "object_repr": "fmoraes05@outlook.com",
        "action_flag": 3,
        "change_message": ""
    }
},
{
    "model": "admin.logentry",
    "pk": 112,
    "fields": {
        "action_time": "2025-01-14T01:03:09.781Z",
        "user": 1,
        "content_type": 10,
        "object_id": "22",
        "object_repr": "1qm5pc46ip",
        "action_flag": 3,
        "change_message": ""
    }
},
{
    "model": "admin.logentry",
    "pk": 113,
    "fields": {
        "action_time": "2025-01-14T01:03:09.781Z",
        "user": 1,
        "content_type": 10,
        "object_id": "21",
        "object_repr": "djs9bbudqn",
        "action_flag": 3,
        "change_message": ""
    }
},
{
    "model": "admin.logentry",
    "pk": 114,
    "fields": {
        "action_time": "2025-01-14T01:03:09.781Z",
        "user": 1,
        "content_type": 10,
        "object_id": "20",
        "object_repr": "u7ph7fbgan",
        "action_flag": 3,
        "change_message": ""
    }
},
{
    "model": "admin.logentry",
    "pk": 115,
    "fields": {
        "action_time": "2025-01-14T01:03:26.428Z",
        "user": 1,
        "content_type": 12,
        "object_id": "5",
        "object_repr": "victormoireira3202@gmail.com",
        "action_flag": 3,
        "change_message": ""
    }
},
{
    "model": "admin.logentry",
    "pk": 116,
    "fields": {
        "action_time": "2025-01-14T01:03:36.875Z",
        "user": 1,
        "content_type": 9,
        "object_id": "33",
        "object_repr": "33",
        "action_flag": 3,
        "change_message": ""
    }
},
{
    "model": "admin.logentry",
    "pk": 117,
    "fields": {
        "action_time": "2025-01-14T01:03:36.875Z",
        "user": 1,
        "content_type": 9,
        "object_id": "32",
        "object_repr": "32",
        "action_flag": 3,
        "change_message": ""
    }
},
{
    "model": "admin.logentry",
    "pk": 118,
    "fields": {
        "action_time": "2025-01-14T01:03:36.875Z",
        "user": 1,
        "content_type": 9,
        "object_id": "31",
        "object_repr": "31",
        "action_flag": 3,
        "change_message": ""
    }
},
{
    "model": "admin.logentry",
    "pk": 119,
    "fields": {
        "action_time": "2025-01-14T01:03:36.875Z",
        "user": 1,
        "content_type": 9,
        "object_id": "30",
        "object_repr": "30",
        "action_flag": 3,
        "change_message": ""
    }
},
{
    "model": "admin.logentry",
    "pk": 120,
    "fields": {
        "action_time": "2025-01-14T01:30:47.202Z",
        "user": 1,
        "content_type": 13,
        "object_id": "22",
        "object_repr": "rachelmv39@hotmail.com",
        "action_flag": 3,
        "change_message": ""
    }
},
{
    "model": "admin.logentry",
    "pk": 121,
    "fields": {
        "action_time": "2025-01-14T01:30:47.202Z",
        "user": 1,
        "content_type": 13,
        "object_id": "21",
        "object_repr": "rachelmv39@hotmail.com",
        "action_flag": 3,
        "change_message": ""
    }
},
{
    "model": "admin.logentry",
    "pk": 122,
    "fields": {
        "action_time": "2025-01-14T01:30:47.202Z",
        "user": 1,
        "content_type": 13,
        "object_id": "20",
        "object_repr": "rachelmv39@hotmail.com",
        "action_flag": 3,
        "change_message": ""
    }
},
{
    "model": "admin.logentry",
    "pk": 123,
    "fields": {
        "action_time": "2025-01-14T01:30:47.202Z",
        "user": 1,
        "content_type": 13,
        "object_id": "19",
        "object_repr": "rachelmv39@hotmail.com",
        "action_flag": 3,
        "change_message": ""
    }
},
{
    "model": "admin.logentry",
    "pk": 124,
    "fields": {
        "action_time": "2025-01-14T01:30:47.202Z",
        "user": 1,
        "content_type": 13,
        "object_id": "18",
        "object_repr": "rachelmv39@hotmail.com",
        "action_flag": 3,
        "change_message": ""
    }
},
{
    "model": "admin.logentry",
    "pk": 125,
    "fields": {
        "action_time": "2025-01-14T01:30:47.202Z",
        "user": 1,
        "content_type": 13,
        "object_id": "17",
        "object_repr": "rachelmv39@hotmail.com",
        "action_flag": 3,
        "change_message": ""
    }
},
{
    "model": "admin.logentry",
    "pk": 126,
    "fields": {
        "action_time": "2025-01-14T01:30:47.202Z",
        "user": 1,
        "content_type": 13,
        "object_id": "16",
        "object_repr": "rachelmv39@hotmail.com",
        "action_flag": 3,
        "change_message": ""
    }
},
{
    "model": "admin.logentry",
    "pk": 127,
    "fields": {
        "action_time": "2025-01-14T01:30:47.202Z",
        "user": 1,
        "content_type": 13,
        "object_id": "15",
        "object_repr": "rachelmv39@hotmail.com",
        "action_flag": 3,
        "change_message": ""
    }
},
{
    "model": "auth.permission",
    "pk": 1,
    "fields": {
        "name": "Can add log entry",
        "content_type": 1,
        "codename": "add_logentry"
    }
},
{
    "model": "auth.permission",
    "pk": 2,
    "fields": {
        "name": "Can change log entry",
        "content_type": 1,
        "codename": "change_logentry"
    }
},
{
    "model": "auth.permission",
    "pk": 3,
    "fields": {
        "name": "Can delete log entry",
        "content_type": 1,
        "codename": "delete_logentry"
    }
},
{
    "model": "auth.permission",
    "pk": 4,
    "fields": {
        "name": "Can view log entry",
        "content_type": 1,
        "codename": "view_logentry"
    }
},
{
    "model": "auth.permission",
    "pk": 5,
    "fields": {
        "name": "Can add permission",
        "content_type": 2,
        "codename": "add_permission"
    }
},
{
    "model": "auth.permission",
    "pk": 6,
    "fields": {
        "name": "Can change permission",
        "content_type": 2,
        "codename": "change_permission"
    }
},
{
    "model": "auth.permission",
    "pk": 7,
    "fields": {
        "name": "Can delete permission",
        "content_type": 2,
        "codename": "delete_permission"
    }
},
{
    "model": "auth.permission",
    "pk": 8,
    "fields": {
        "name": "Can view permission",
        "content_type": 2,
        "codename": "view_permission"
    }
},
{
    "model": "auth.permission",
    "pk": 9,
    "fields": {
        "name": "Can add group",
        "content_type": 3,
        "codename": "add_group"
    }
},
{
    "model": "auth.permission",
    "pk": 10,
    "fields": {
        "name": "Can change group",
        "content_type": 3,
        "codename": "change_group"
    }
},
{
    "model": "auth.permission",
    "pk": 11,
    "fields": {
        "name": "Can delete group",
        "content_type": 3,
        "codename": "delete_group"
    }
},
{
    "model": "auth.permission",
    "pk": 12,
    "fields": {
        "name": "Can view group",
        "content_type": 3,
        "codename": "view_group"
    }
},
{
    "model": "auth.permission",
    "pk": 13,
    "fields": {
        "name": "Can add user",
        "content_type": 4,
        "codename": "add_user"
    }
},
{
    "model": "auth.permission",
    "pk": 14,
    "fields": {
        "name": "Can change user",
        "content_type": 4,
        "codename": "change_user"
    }
},
{
    "model": "auth.permission",
    "pk": 15,
    "fields": {
        "name": "Can delete user",
        "content_type": 4,
        "codename": "delete_user"
    }
},
{
    "model": "auth.permission",
    "pk": 16,
    "fields": {
        "name": "Can view user",
        "content_type": 4,
        "codename": "view_user"
    }
},
{
    "model": "auth.permission",
    "pk": 17,
    "fields": {
        "name": "Can add content type",
        "content_type": 5,
        "codename": "add_contenttype"
    }
},
{
    "model": "auth.permission",
    "pk": 18,
    "fields": {
        "name": "Can change content type",
        "content_type": 5,
        "codename": "change_contenttype"
    }
},
{
    "model": "auth.permission",
    "pk": 19,
    "fields": {
        "name": "Can delete content type",
        "content_type": 5,
        "codename": "delete_contenttype"
    }
},
{
    "model": "auth.permission",
    "pk": 20,
    "fields": {
        "name": "Can view content type",
        "content_type": 5,
        "codename": "view_contenttype"
    }
},
{
    "model": "auth.permission",
    "pk": 21,
    "fields": {
        "name": "Can add session",
        "content_type": 6,
        "codename": "add_session"
    }
},
{
    "model": "auth.permission",
    "pk": 22,
    "fields": {
        "name": "Can change session",
        "content_type": 6,
        "codename": "change_session"
    }
},
{
    "model": "auth.permission",
    "pk": 23,
    "fields": {
        "name": "Can delete session",
        "content_type": 6,
        "codename": "delete_session"
    }
},
{
    "model": "auth.permission",
    "pk": 24,
    "fields": {
        "name": "Can view session",
        "content_type": 6,
        "codename": "view_session"
    }
},
{
    "model": "auth.permission",
    "pk": 25,
    "fields": {
        "name": "Can add products",
        "content_type": 7,
        "codename": "add_products"
    }
},
{
    "model": "auth.permission",
    "pk": 26,
    "fields": {
        "name": "Can change products",
        "content_type": 7,
        "codename": "change_products"
    }
},
{
    "model": "auth.permission",
    "pk": 27,
    "fields": {
        "name": "Can delete products",
        "content_type": 7,
        "codename": "delete_products"
    }
},
{
    "model": "auth.permission",
    "pk": 28,
    "fields": {
        "name": "Can view products",
        "content_type": 7,
        "codename": "view_products"
    }
},
{
    "model": "auth.permission",
    "pk": 29,
    "fields": {
        "name": "Can add tag",
        "content_type": 8,
        "codename": "add_tag"
    }
},
{
    "model": "auth.permission",
    "pk": 30,
    "fields": {
        "name": "Can change tag",
        "content_type": 8,
        "codename": "change_tag"
    }
},
{
    "model": "auth.permission",
    "pk": 31,
    "fields": {
        "name": "Can delete tag",
        "content_type": 8,
        "codename": "delete_tag"
    }
},
{
    "model": "auth.permission",
    "pk": 32,
    "fields": {
        "name": "Can view tag",
        "content_type": 8,
        "codename": "view_tag"
    }
},
{
    "model": "auth.permission",
    "pk": 33,
    "fields": {
        "name": "Can add cart",
        "content_type": 9,
        "codename": "add_cart"
    }
},
{
    "model": "auth.permission",
    "pk": 34,
    "fields": {
        "name": "Can change cart",
        "content_type": 9,
        "codename": "change_cart"
    }
},
{
    "model": "auth.permission",
    "pk": 35,
    "fields": {
        "name": "Can delete cart",
        "content_type": 9,
        "codename": "delete_cart"
    }
},
{
    "model": "auth.permission",
    "pk": 36,
    "fields": {
        "name": "Can view cart",
        "content_type": 9,
        "codename": "view_cart"
    }
},
{
    "model": "auth.permission",
    "pk": 37,
    "fields": {
        "name": "Can add order",
        "content_type": 10,
        "codename": "add_order"
    }
},
{
    "model": "auth.permission",
    "pk": 38,
    "fields": {
        "name": "Can change order",
        "content_type": 10,
        "codename": "change_order"
    }
},
{
    "model": "auth.permission",
    "pk": 39,
    "fields": {
        "name": "Can delete order",
        "content_type": 10,
        "codename": "delete_order"
    }
},
{
    "model": "auth.permission",
    "pk": 40,
    "fields": {
        "name": "Can view order",
        "content_type": 10,
        "codename": "view_order"
    }
},
{
    "model": "auth.permission",
    "pk": 41,
    "fields": {
        "name": "Can add billing profile",
        "content_type": 11,
        "codename": "add_billingprofile"
    }
},
{
    "model": "auth.permission",
    "pk": 42,
    "fields": {
        "name": "Can change billing profile",
        "content_type": 11,
        "codename": "change_billingprofile"
    }
},
{
    "model": "auth.permission",
    "pk": 43,
    "fields": {
        "name": "Can delete billing profile",
        "content_type": 11,
        "codename": "delete_billingprofile"
    }
},
{
    "model": "auth.permission",
    "pk": 44,
    "fields": {
        "name": "Can view billing profile",
        "content_type": 11,
        "codename": "view_billingprofile"
    }
},
{
    "model": "auth.permission",
    "pk": 45,
    "fields": {
        "name": "Can add guest email",
        "content_type": 12,
        "codename": "add_guestemail"
    }
},
{
    "model": "auth.permission",
    "pk": 46,
    "fields": {
        "name": "Can change guest email",
        "content_type": 12,
        "codename": "change_guestemail"
    }
},
{
    "model": "auth.permission",
    "pk": 47,
    "fields": {
        "name": "Can delete guest email",
        "content_type": 12,
        "codename": "delete_guestemail"
    }
},
{
    "model": "auth.permission",
    "pk": 48,
    "fields": {
        "name": "Can view guest email",
        "content_type": 12,
        "codename": "view_guestemail"
    }
},
{
    "model": "auth.permission",
    "pk": 49,
    "fields": {
        "name": "Can add address",
        "content_type": 13,
        "codename": "add_address"
    }
},
{
    "model": "auth.permission",
    "pk": 50,
    "fields": {
        "name": "Can change address",
        "content_type": 13,
        "codename": "change_address"
    }
},
{
    "model": "auth.permission",
    "pk": 51,
    "fields": {
        "name": "Can delete address",
        "content_type": 13,
        "codename": "delete_address"
    }
},
{
    "model": "auth.permission",
    "pk": 52,
    "fields": {
        "name": "Can view address",
        "content_type": 13,
        "codename": "view_address"
    }
},
{
    "model": "auth.permission",
    "pk": 53,
    "fields": {
        "name": "Can add user",
        "content_type": 14,
        "codename": "add_user"
    }
},
{
    "model": "auth.permission",
    "pk": 54,
    "fields": {
        "name": "Can change user",
        "content_type": 14,
        "codename": "change_user"
    }
},
{
    "model": "auth.permission",
    "pk": 55,
    "fields": {
        "name": "Can delete user",
        "content_type": 14,
        "codename": "delete_user"
    }
},
{
    "model": "auth.permission",
    "pk": 56,
    "fields": {
        "name": "Can view user",
        "content_type": 14,
        "codename": "view_user"
    }
},
{
    "model": "contenttypes.contenttype",
    "pk": 1,
    "fields": {
        "app_label": "admin",
        "model": "logentry"
    }
},
{
    "model": "contenttypes.contenttype",
    "pk": 2,
    "fields": {
        "app_label": "auth",
        "model": "permission"
    }
},
{
    "model": "contenttypes.contenttype",
    "pk": 3,
    "fields": {
        "app_label": "auth",
        "model": "group"
    }
},
{
    "model": "contenttypes.contenttype",
    "pk": 4,
    "fields": {
        "app_label": "auth",
        "model": "user"
    }
},
{
    "model": "contenttypes.contenttype",
    "pk": 5,
    "fields": {
        "app_label": "contenttypes",
        "model": "contenttype"
    }
},
{
    "model": "contenttypes.contenttype",
    "pk": 6,
    "fields": {
        "app_label": "sessions",
        "model": "session"
    }
},
{
    "model": "contenttypes.contenttype",
    "pk": 7,
    "fields": {
        "app_label": "products",
        "model": "products"
    }
},
{
    "model": "contenttypes.contenttype",
    "pk": 8,
    "fields": {
        "app_label": "tags",
        "model": "tag"
    }
},
{
    "model": "contenttypes.contenttype",
    "pk": 9,
    "fields": {
        "app_label": "carts",
        "model": "cart"
    }
},
{
    "model": "contenttypes.contenttype",
    "pk": 10,
    "fields": {
        "app_label": "orders",
        "model": "order"
    }
},
{
    "model": "contenttypes.contenttype",
    "pk": 11,
    "fields": {
        "app_label": "billing",
        "model": "billingprofile"
    }
},
{
    "model": "contenttypes.contenttype",
    "pk": 12,
    "fields": {
        "app_label": "accounts",
        "model": "guestemail"
    }
},
{
    "model": "contenttypes.contenttype",
    "pk": 13,
    "fields": {
        "app_label": "addresses",
        "model": "address"
    }
},
{
    "model": "contenttypes.contenttype",
    "pk": 14,
    "fields": {
        "app_label": "accounts",
        "model": "user"
    }
},
{
    "model": "sessions.session",
    "pk": "0fby136pm9f828bpx2ny2rppjioqv0bh",
    "fields": {
        "session_data": "eyJmaXJzdF9uYW1lIjoiYWRtaW4ifQ:1tPsX3:U0kSHlk38ksjPW4Y1lWpvtU13FJ7-JGDtK9Zs9Fisks",
        "expire_date": "2025-01-07T00:12:17.311Z"
    }
},
{
    "model": "sessions.session",
    "pk": "6n6xolkbnreyh3fdlu7gunxxs5zcplqw",
    "fields": {
        "session_data": "eyJjYXJ0X2lkIjoxN30:1tS1gY:qsKyljYAuG0g5nKhp-OA_2FZ8IHj94djq1y7bFjOfiI",
        "expire_date": "2025-01-12T22:22:58.681Z"
    }
},
{
    "model": "sessions.session",
    "pk": "ie4bk5i2arq42ydz81cley035ko1c860",
    "fields": {
        "session_data": ".eJxVjEsOwjAMBe-SNYrSJiE2S_Y9Q-TENi2gVupnhbg7VOoCtm9m3stk2tY-b4vMeWBzMY05_W6F6kPGHfCdxttk6zSu81DsrtiDLrabWJ7Xw_076Gnpv3Vl9OCgEAXnY2Ggoj5I25yVK4KkCCGiSpPUIXqfoooitxWKArbVvD_z3zhb:1tLAQ1:-fR6EEZS29BSsJT2N1cWkCBG5AMIgTmwMYEzhJBWu14",
        "expire_date": "2024-12-25T00:17:33.544Z"
    }
},
{
    "model": "sessions.session",
    "pk": "lspohsmcqvdz0jl4isrki9sm9nbjiwum",
    "fields": {
        "session_data": ".eJxVjs0OgyAQhN-Fc0NApILH3n0Gsuwu1f5gInhq-u7VxB68znzzZT4CYalhqpyL6PVFBFjrGNbCS5hI9EKLUxYBn5z3gh6Q77PEOddlinJH5NEWOczEr9vBngQjlHFbI3njlIsArTI2koOYTMuNviZC77izrrU-se6S8t6YziZOnhp0MTnf4Cb9H39vx9X3BzxMQmc:1tXrQ5:l9dvYyUsYIaauFEEmbSU9_vBGqPw9z5RmqlW6B-QYmQ",
        "expire_date": "2025-01-29T00:38:05.877Z"
    }
},
{
    "model": "sessions.session",
    "pk": "o0mkrr56o3kggpvodj65yshtkjcxheva",
    "fields": {
        "session_data": ".eJxVjsEOwiAQRP-FsyG4LZLt0bvfQNhlK1UDSaEn47_bmprocebNTOapfFha8kuV2U9RDQrU4dejwHfJG4i3kK9Fc8ltnkhvEb3Tqi8lyuO8Z_8GUqhpbTsXjUNhsB2DA2ZGIYtdRBB0hNaOR4ARqAck6HE0ljCSsXwytJJ1lMPcPh97_IomuaoBXm9pKkBu:1tcvVn:aNXfUx7Ko7OeYz9YoGkkWFDCcBNw7tCUJXG8h9o3OoA",
        "expire_date": "2025-02-12T00:00:55.780Z"
    }
},
{
    "model": "sessions.session",
    "pk": "ro7zhnvzc5kudjp2j4i0tbuspzyhcl6s",
    "fields": {
        "session_data": "eyJjYXJ0X2lkIjo1MCwiY2FydF9pdGVucyI6M30:1tf4yW:epmd-fWTnq7ZkDc3Q1bTdJ19AF25qZkR56DryANPxIY",
        "expire_date": "2025-02-17T22:31:28.357Z"
    }
},
{
    "model": "sessions.session",
    "pk": "s4h4m01q5xhzgmrhkj9lw8v2q9tuit1m",
    "fields": {
        "session_data": ".eJxVjEsOwjAMBe-SNYrSJiE2S_Y9Q-TENi2gVupnhbg7VOoCtm9m3stk2tY-b4vMeWBzMY05_W6F6kPGHfCdxttk6zSu81DsrtiDLrabWJ7Xw_076Gnpv3Vl9OCgEAXnY2Ggoj5I25yVK4KkCCGiSpPUIXqfoooitxWKArbVvD_z3zhb:1tXV7s:pk7Onke94dq3PGK6bdXQFJ-skutaRk4GO3R9y1EovRo",
        "expire_date": "2025-01-28T00:49:48.121Z"
    }
},
{
    "model": "sessions.session",
    "pk": "vztp1vmlyww1qhy9czifn69z62nqz98p",
    "fields": {
        "session_data": ".eJxVjMEOgyAQRP-FsyEiUlmPvfcbyLIsamsxETw1_fdW48XjzHszH0G4FjcF0WtVnaFwyqL_x2HjXBy_cZoPxVTC4VZGt2Vej0Yocek80ovTDsIT07BIWlJZJy93RZ40y8cSeL6f7uVgxDz-1xRA29p6xLbWxgeLPuqWG3WLgcByZ2xrILLqYg2gdWciRwgNWR8tNCS-P81PR-A:1tWiqt:FONakqbx1SJxLqY-QOW415B5d7Y6z0sBEuFLIPwQfX0",
        "expire_date": "2025-01-25T21:17:03.482Z"
    }
},
{
    "model": "accounts.user",
    "pk": 1,
    "fields": {
        "password": "pbkdf2_sha256$870000$JZtXzhjA0qQY9b7dVWAZ2S$Rzlqy/xt0b4LJJGa5zfjhWTcXRh5pqxUAzQli2Yx96s=",
        "last_login": null,
        "email": "fmoraes05@gmail.com",
        "active": true,
        "staff": true,
        "admin": true,
        "timestamp": "2025-02-06T22:54:07.004Z"
    }
},
{
    "model": "products.products",
    "pk": 1,
    "fields": {
        "title": "Camiseta",
        "slug": "camiseta",
        "description": "Essa camiseta é uma edição limitada, é exclusiva e apenas algumas unidades estão disponíveis.",
        "price": "127.00",
        "image": "products/camiseta.jpeg",
        "featured": false,
        "active": true,
        "timestamp": "2024-12-11T00:37:34.430Z"
    }
},
{
    "model": "products.products",
    "pk": 2,
    "fields": {
        "title": "Tênis",
        "slug": "tenis",
        "description": "Esse tênis possui uma tecnologia inovadora que garantem conforto e alto desempenho esportivo.",
        "price": "325.00",
        "image": "products/tenis.jpeg",
        "featured": false,
        "active": true,
        "timestamp": "2024-12-11T00:37:34.430Z"
    }
},
{
    "model": "products.products",
    "pk": 3,
    "fields": {
        "title": "Jaqueta Especial",
        "slug": "jaqueta",
        "description": "Jaqueta super impermeável, acabamento e qualidade incríveis.",
        "price": "500.00",
        "image": "products/jaqueta.jpeg",
        "featured": true,
        "active": true,
        "timestamp": "2024-12-11T00:37:34.430Z"
    }
},
{
    "model": "products.products",
    "pk": 4,
    "fields": {
        "title": "Camiseta",
        "slug": "camiseta-msk1",
        "description": "Essa camiseta é daequipe de futebol do Real Madrid.",
        "price": "100.00",
        "image": "products/camiseta_futebol.jpeg",
        "featured": true,
        "active": true,
        "timestamp": "2024-12-11T00:37:34.430Z"
    }
},
{
    "model": "products.products",
    "pk": 5,
    "fields": {
        "title": "Calção",
        "slug": "calcao",
        "description": "Esse é um calção espoertivo para praticar qualquer modalidade esportiva que desejar.",
        "price": "50.00",
        "image": "products/calção.jpeg",
        "featured": true,
        "active": true,
        "timestamp": "2024-12-11T00:37:34.430Z"
    }
},
{
    "model": "products.products",
    "pk": 6,
    "fields": {
        "title": "Calção",
        "slug": "calcao-7fzz",
        "description": "Esse é o calção da seleção francesa de futebol.",
        "price": "150.00",
        "image": "products/calção_da_frança.jpeg",
        "featured": true,
        "active": true,
        "timestamp": "2024-12-11T00:37:34.430Z"
    }
},
{
    "model": "products.products",
    "pk": 7,
    "fields": {
        "title": "Lorem ipsum",
        "slug": "lorem-ipsum",
        "description": "Lorem ipsum dolor sit amet, consectetur adipiscing elit, sed do eiusmod tempor incididunt ut labore et dolore magna aliqua. Ut enim ad minim veniam, quis nostrud exercitation ullamco laboris nisi ut aliquip ex ea commodo consequat. Duis aute irure dolor in reprehenderit in voluptate velit esse cillum dolore eu fugiat nulla pariatur. Excepteur sint occaecat cupidatat non proident, sunt in culpa qui officia deserunt mollit anim id est laborum.",
        "price": "100.00",
        "image": "products/lorem_ipsum.jpeg",
        "featured": true,
        "active": true,
        "timestamp": "2024-12-11T00:37:34.430Z"
    }
},
{
    "model": "tags.tag",
    "pk": 1,
    "fields": {
        "title": "Tenis",
        "slug": "tenis",
        "timestamp": "2024-12-20T23:37:33.936Z",
        "active": true,
        "products": [
            2
        ]
    }
},
{
    "model": "tags.tag",
    "pk": 2,
    "fields": {
        "title": "Camisa",
        "slug": "camisa",
        "timestamp": "2024-12-20T23:42:14.648Z",
        "active": true,
        "products": [
            1,
            4
        ]
    }
},
{
    "model": "tags.tag",
    "pk": 3,
    "fields": {
        "title": "Blusa",
        "slug": "blusa",
        "timestamp": "2024-12-20T23:44:24.373Z",
        "active": true,
        "products": [
            1,
            3,
            4
        ]
    }
},
{
    "model": "tags.tag",
    "pk": 4,
    "fields": {
        "title": "Branco",
        "slug": "branco",
        "timestamp": "2024-12-20T23:45:23.056Z",
        "active": true,
        "products": [
            1,
            2,
            3,
            4,
            5,
            6
        ]
    }
},
{
    "model": "tags.tag",
    "pk": 5,
    "fields": {
        "title": "Azul",
        "slug": "azul",
        "timestamp": "2024-12-20T23:45:57.630Z",
        "active": true,
        "products": [
            1,
            2,
            3,
            4,
            5,
            6
        ]
    }
},
{
    "model": "carts.cart",
    "pk": 34,
    "fields": {
        "user": 2,
        "total": "137.16",
        "subtotal": "127.00",
        "updated": "2025-01-14T01:04:17.146Z",
        "timestamp": "2025-01-14T01:03:51.271Z",
        "products": [
            1
        ]
    }
},
{
    "model": "carts.cart",
    "pk": 35,
    "fields": {
        "user": 2,
        "total": "54.00",
        "subtotal": "50.00",
        "updated": "2025-01-14T01:31:26.904Z",
        "timestamp": "2025-01-14T01:31:11.441Z",
        "products": [
            5
        ]
    }
},
{
    "model": "carts.cart",
    "pk": 36,
    "fields": {
        "user": 1,
        "total": "351.00",
        "subtotal": "325.00",
        "updated": "2025-01-14T23:07:02.519Z",
        "timestamp": "2025-01-14T23:06:45.729Z",
        "products": [
            2
        ]
    }
},
{
    "model": "carts.cart",
    "pk": 37,
    "fields": {
        "user": 2,
        "total": "108.00",
        "subtotal": "100.00",
        "updated": "2025-01-14T23:10:27.490Z",
        "timestamp": "2025-01-14T23:10:13.420Z",
        "products": [
            4
        ]
    }
},
{
    "model": "carts.cart",
    "pk": 38,
    "fields": {
        "user": 2,
        "total": "108.00",
        "subtotal": "100.00",
        "updated": "2025-01-14T23:18:35.456Z",
        "timestamp": "2025-01-14T23:18:19.414Z",
        "products": [
            7
        ]
    }
},
{
    "model": "carts.cart",
    "pk": 39,
    "fields": {
        "user": 1,
        "total": "677.16",
        "subtotal": "627.00",
        "updated": "2025-01-14T23:24:58.957Z",
        "timestamp": "2025-01-14T23:24:29.679Z",
        "products": [
            1,
            3
        ]
    }
},
{
    "model": "carts.cart",
    "pk": 40,
    "fields": {
        "user": 1,
        "total": "54.00",
        "subtotal": "50.00",
        "updated": "2025-01-15T00:33:59.116Z",
        "timestamp": "2025-01-15T00:31:58.290Z",
        "products": [
            5
        ]
    }
},
{
    "model": "carts.cart",
    "pk": 41,
    "fields": {
        "user": 2,
        "total": "137.16",
        "subtotal": "127.00",
        "updated": "2025-01-15T23:34:57.411Z",
        "timestamp": "2025-01-15T23:33:07.444Z",
        "products": [
            1
        ]
    }
},
{
    "model": "carts.cart",
    "pk": 42,
    "fields": {
        "user": 2,
        "total": "513.00",
        "subtotal": "475.00",
        "updated": "2025-01-16T23:02:03.941Z",
        "timestamp": "2025-01-16T22:59:55.092Z",
        "products": [
            2,
            6
        ]
    }
},
{
    "model": "carts.cart",
    "pk": 43,
    "fields": {
        "user": 2,
        "total": "351.00",
        "subtotal": "325.00",
        "updated": "2025-01-22T18:48:11.801Z",
        "timestamp": "2025-01-22T18:09:58.553Z",
        "products": [
            2
        ]
    }
},
{
    "model": "carts.cart",
    "pk": 44,
    "fields": {
        "user": 2,
        "total": "488.16",
        "subtotal": "452.00",
        "updated": "2025-01-23T19:52:11.393Z",
        "timestamp": "2025-01-22T18:56:51.060Z",
        "products": [
            1,
            2
        ]
    }
},
{
    "model": "carts.cart",
    "pk": 45,
    "fields": {
        "user": 2,
        "total": "0.00",
        "subtotal": "0.00",
        "updated": "2025-01-23T23:51:32.814Z",
        "timestamp": "2025-01-23T23:48:31.617Z",
        "products": []
    }
},
{
    "model": "carts.cart",
    "pk": 46,
    "fields": {
        "user": 2,
        "total": "0.00",
        "subtotal": "0.00",
        "updated": "2025-01-23T23:55:51.712Z",
        "timestamp": "2025-01-23T23:54:40.039Z",
        "products": []
    }
},
{
    "model": "carts.cart",
    "pk": 47,
    "fields": {
        "user": 2,
        "total": "108.00",
        "subtotal": "100.00",
        "updated": "2025-01-24T00:09:36.469Z",
        "timestamp": "2025-01-24T00:09:31.554Z",
        "products": [
            4
        ]
    }
},
{
    "model": "carts.cart",
    "pk": 48,
    "fields": {
        "user": 2,
        "total": "0.00",
        "subtotal": "0.00",
        "updated": "2025-01-24T00:20:35.228Z",
        "timestamp": "2025-01-24T00:19:33.284Z",
        "products": []
    }
},
{
    "model": "carts.cart",
    "pk": 49,
    "fields": {
        "user": 2,
        "total": "891.00",
        "subtotal": "825.00",
        "updated": "2025-01-29T00:00:55.576Z",
        "timestamp": "2025-01-25T00:03:12.587Z",
        "products": [
            2,
            3
        ]
    }
},
{
    "model": "carts.cart",
    "pk": 50,
    "fields": {
        "user": null,
        "total": "731.16",
        "subtotal": "677.00",
        "updated": "2025-02-03T22:31:28.214Z",
        "timestamp": "2025-01-30T22:12:22.111Z",
        "products": [
            1,
            3,
            5
        ]
    }
},
{
    "model": "orders.order",
    "pk": 26,
    "fields": {
        "billing_profile": 8,
        "order_id": "g6jb94ic60",
        "shipping_address": 24,
        "billing_address": null,
        "cart": 35,
        "status": "created",
        "shipping_total": "5.99",
        "total": "59.99",
        "active": true
    }
},
{
    "model": "orders.order",
    "pk": 27,
    "fields": {
        "billing_profile": 6,
        "order_id": "c2rjmvfrp7",
        "shipping_address": 26,
        "billing_address": 27,
        "cart": 36,
        "status": "created",
        "shipping_total": "5.99",
        "total": "356.99",
        "active": true
    }
},
{
    "model": "orders.order",
    "pk": 28,
    "fields": {
        "billing_profile": 8,
        "order_id": "0rsatlk72t",
        "shipping_address": 28,
        "billing_address": 29,
        "cart": 37,
        "status": "created",
        "shipping_total": "5.99",
        "total": "113.99",
        "active": true
    }
},
{
    "model": "orders.order",
    "pk": 29,
    "fields": {
        "billing_profile": 8,
        "order_id": "yppu8s9iuh",
        "shipping_address": 30,
        "billing_address": 31,
        "cart": 38,
        "status": "created",
        "shipping_total": "5.99",
        "total": "113.99",
        "active": true
    }
},
{
    "model": "orders.order",
    "pk": 30,
    "fields": {
        "billing_profile": 6,
        "order_id": "zmpxi482r3",
        "shipping_address": 32,
        "billing_address": 33,
        "cart": 39,
        "status": "created",
        "shipping_total": "5.99",
        "total": "683.15",
        "active": true
    }
},
{
    "model": "orders.order",
    "pk": 31,
    "fields": {
        "billing_profile": 6,
        "order_id": "izckggh4jg",
        "shipping_address": 34,
        "billing_address": 35,
        "cart": 40,
        "status": "paid",
        "shipping_total": "5.99",
        "total": "59.99",
        "active": true
    }
},
{
    "model": "orders.order",
    "pk": 32,
    "fields": {
        "billing_profile": 8,
        "order_id": "h8u4bgrtoo",
        "shipping_address": 29,
        "billing_address": 36,
        "cart": 41,
        "status": "paid",
        "shipping_total": "5.99",
        "total": "143.15",
        "active": true
    }
},
{
    "model": "orders.order",
    "pk": 33,
    "fields": {
        "billing_profile": 8,
        "order_id": "34dwyltxnx",
        "shipping_address": 29,
        "billing_address": 37,
        "cart": 42,
        "status": "paid",
        "shipping_total": "5.99",
        "total": "518.99",
        "active": true
    }
},
{
    "model": "billing.billingprofile",
    "pk": 6,
    "fields": {
        "user": 1,
        "email": "fmoraes05@outlook.com",
        "active": true,
        "update": "2025-01-11T21:07:48.319Z",
        "timestamp": "2025-01-11T21:07:48.319Z"
    }
},
{
    "model": "billing.billingprofile",
    "pk": 7,
    "fields": {
        "user": null,
        "email": "victormoireira3202@gmail.com",
        "active": true,
        "update": "2025-01-11T21:16:34.788Z",
        "timestamp": "2025-01-11T21:16:34.788Z"
    }
},
{
    "model": "billing.billingprofile",
    "pk": 8,
    "fields": {
        "user": 2,
        "email": "rachelmv39@hotmail.com",
        "active": true,
        "update": "2025-01-14T00:41:55.129Z",
        "timestamp": "2025-01-14T00:41:55.129Z"
    }
},
{
    "model": "addresses.address",
    "pk": 23,
    "fields": {
        "billing_profile": 8,
        "address_type": "shipping",
        "address_line_1": "Rua Eugênio da Silva Lopes, 441",
        "address_line_2": null,
        "city": "Curitiba",
        "country": "Brazil",
        "state": "Paraná",
        "postal_code": "81.770-020"
    }
},
{
    "model": "addresses.address",
    "pk": 24,
    "fields": {
        "billing_profile": 8,
        "address_type": "shipping",
        "address_line_1": "Rua Eugênio da Silva Lopes, 441",
        "address_line_2": null,
        "city": "Curitiba",
        "country": "Brazil",
        "state": "Paraná",
        "postal_code": "81720-070"
    }
},
{
    "model": "addresses.address",
    "pk": 25,
    "fields": {
        "billing_profile": 6,
        "address_type": "shipping",
        "address_line_1": "Rua Eugênio da Silva Lopes, 441",
        "address_line_2": null,
        "city": "Curitiba",
        "country": "Brazil",
        "state": "Paraná",
        "postal_code": "81.770-020"
    }
},
{
    "model": "addresses.address",
    "pk": 26,
    "fields": {
        "billing_profile": 6,
        "address_type": "shipping",
        "address_line_1": "Rua Olimpio Gomes Carvalho, 80",
        "address_line_2": null,
        "city": "Curitiba",
        "country": "Brazil",
        "state": "Paraná",
        "postal_code": "81720-070"
    }
},
{
    "model": "addresses.address",
    "pk": 27,
    "fields": {
        "billing_profile": 6,
        "address_type": "billing",
        "address_line_1": "Rua Eugênio da Silva Lopes, 441",
        "address_line_2": null,
        "city": "Curitiba",
        "country": "Brazil",
        "state": "Paraná",
        "postal_code": "81.770-020"
    }
},
{
    "model": "addresses.address",
    "pk": 28,
    "fields": {
        "billing_profile": 8,
        "address_type": "shipping",
        "address_line_1": "Rua Eugênio da Silva Lopes, 441",
        "address_line_2": null,
        "city": "Curitiba",
        "country": "Brazil",
        "state": "Paraná",
        "postal_code": "81.770-020"
    }
},
{
    "model": "addresses.address",
    "pk": 29,
    "fields": {
        "billing_profile": 8,
        "address_type": "billing",
        "address_line_1": "Rua Olimpio Gomes Carvalho, 80",
        "address_line_2": null,
        "city": "Curitiba",
        "country": "Brazil",
        "state": "Paraná",
        "postal_code": "81720-070"
    }
},
{
    "model": "addresses.address",
    "pk": 30,
    "fields": {
        "billing_profile": 8,
        "address_type": "shipping",
        "address_line_1": "Rua Eugênio da Silva Lopes, 441",
        "address_line_2": null,
        "city": "Curitiba",
        "country": "Brazil",
        "state": "Paraná",
        "postal_code": "81.770-020"
    }
},
{
    "model": "addresses.address",
    "pk": 31,
    "fields": {
        "billing_profile": 8,
        "address_type": "billing",
        "address_line_1": "Rua Olimpio Gomes Carvalho, 80",
        "address_line_2": null,
        "city": "Curitiba",
        "country": "Brazil",
        "state": "Paraná",
        "postal_code": "81720-070"
    }
},
{
    "model": "addresses.address",
    "pk": 32,
    "fields": {
        "billing_profile": 6,
        "address_type": "shipping",
        "address_line_1": "Rua Olimpio Gomes Carvalho, 80",
        "address_line_2": null,
        "city": "Curitiba",
        "country": "Brazil",
        "state": "Paraná",
        "postal_code": "81720-070"
    }
},
{
    "model": "addresses.address",
    "pk": 33,
    "fields": {
        "billing_profile": 6,
        "address_type": "billing",
        "address_line_1": "Rua Eugênio da Silva Lopes, 441",
        "address_line_2": null,
        "city": "Curitiba",
        "country": "Brazil",
        "state": "Paraná",
        "postal_code": "81.770-020"
    }
},
{
    "model": "addresses.address",
    "pk": 34,
    "fields": {
        "billing_profile": 6,
        "address_type": "shipping",
        "address_line_1": "Rua Eugênio da Silva Lopes, 441",
        "address_line_2": null,
        "city": "Curitiba",
        "country": "Brazil",
        "state": "Paraná",
        "postal_code": "81.770-020"
    }
},
{
    "model": "addresses.address",
    "pk": 35,
    "fields": {
        "billing_profile": 6,
        "address_type": "billing",
        "address_line_1": "Rua Olimpio Gomes Carvalho, 80",
        "address_line_2": null,
        "city": "Curitiba",
        "country": "Brazil",
        "state": "Paraná",
        "postal_code": "81720-070"
    }
},
{
    "model": "addresses.address",
    "pk": 36,
    "fields": {
        "billing_profile": 8,
        "address_type": "billing",
        "address_line_1": "Rua Eugênio da Silva Lopes, 441",
        "address_line_2": null,
        "city": "Curitiba",
        "country": "Brazil",
        "state": "Paraná",
        "postal_code": "81.770-020"
    }
},
{
    "model": "addresses.address",
    "pk": 37,
    "fields": {
        "billing_profile": 8,
        "address_type": "billing",
        "address_line_1": "Rua Eugênio da Silva Lopes, 441",
        "address_line_2": null,
        "city": "Curitiba",
        "country": "Brazil",
        "state": "Paraná",
        "postal_code": "81.770-020"
    }
}
]
